experiment,item,object,version,condition,setting,critical,central_word,distinguishing_word,notes,key inference,critical_masked,full_masked,bert_mask_all_mean,bert_mask_one_mean,bert_mask_all_sum,bert_mask_one_sum,roberta_mask_all_mean,roberta_mask_one_mean,roberta_mask_all_sum,roberta_mask_one_sum,bert_nsp,cd_cosine_bert_ln2,sc_cosine_bert_ln2
1,1,-,a,afforded,Brad was sitting in his office when an intruder threatened him with a knife. ,Brad grabbed his laptop computer to use to protect himself.,protect,laptop computer,Might be missing content from setting,"laptop heavy, rigid, and can be picked up",Brad grabbed his [MASK] to use to protect himself.,Brad was sitting in his office when an intruder threatened him with a knife.  Brad grabbed his [MASK] to use to protect himself.,13.255152596350039,2.743432322722401,26.510305192700077,16.49781876946862,21.481556127144646,5.499272923156207,64.4446683814339,16.49781876946862,0.9987000226974488,0.615988701581955,0.23980700969696045
1,1,-,b,nonafforded,Brad was sitting in his office when an intruder threatened him with a knife. ,Brad grabbed his paper napkin to use to protect himself.,protect,paper napkin,,"napkin soft, light",Brad grabbed his [MASK] to use to protect himself.,Brad was sitting in his office when an intruder threatened him with a knife.  Brad grabbed his [MASK] to use to protect himself.,12.574906250357142,5.434891820129484,25.149812500714283,27.69944684878875,23.08912677259264,9.233148949596247,69.26738031777792,27.69944684878875,0.9977648258209229,0.5248780250549316,0.289883553981781
1,1,-,c,related,Brad was sitting in his office when an intruder threatened him with a knife. ,Brad grabbed his hunting rifle to use to protect himself.,protect,hunting rifle,,function of hunting rifle,Brad grabbed his [MASK] to use to protect himself.,Brad was sitting in his office when an intruder threatened him with a knife.  Brad grabbed his [MASK] to use to protect himself.,15.129514388242695,5.062575333396175,30.259028776485394,32.44670403408647,24.044194121519322,10.81556801136216,72.13258236455795,32.44670403408647,0.997475802898407,0.4824327826499939,0.2860514521598816
1,2,-,a,nonafforded,Jenny started her hike in the woods before her friend Adam arrived.   She left him a note explaining that she would mark her choice of direction at each intersection of paths and that he should catch up.,"At the first intersection, Jenny pointed out the direction she turned by using a nickel that she found in her pocket.",pointed out,nickel,,"nickel small, shiny, not linear","At the first intersection, Jenny pointed out the direction she turned by using a [MASK] that she found in her pocket.","Jenny started her hike in the woods before her friend Adam arrived.   She left him a note explaining that she would mark her choice of direction at each intersection of paths and that he should catch up. At the first intersection, Jenny pointed out the direction she turned by using a [MASK] that she found in her pocket.",25.435594588967906,25.435594588967906,25.435594588967906,38.60042616392092,34.23267847357219,19.300213081960454,68.4653569471444,38.60042616392092,0.9970638155937196,0.5390911996364594,0.1460934281349182
1,2,-,b,afforded,Jenny started her hike in the woods before her friend Adam arrived.   She left him a note explaining that she would mark her choice of direction at each intersection of paths and that he should catch up.,"At the first intersection, Jenny pointed out the direction she turned by using a pen that she found in her pocket.",pointed out,pen,,pen linear,"At the first intersection, Jenny pointed out the direction she turned by using a [MASK] that she found in her pocket.","Jenny started her hike in the woods before her friend Adam arrived.   She left him a note explaining that she would mark her choice of direction at each intersection of paths and that he should catch up. At the first intersection, Jenny pointed out the direction she turned by using a [MASK] that she found in her pocket.",6.783693270973793,6.783693270973793,6.783693270973793,37.04883544226568,37.04883544226568,37.04883544226568,37.04883544226568,37.04883544226568,0.9972044825553894,0.5291011333465576,0.15186917781829834
1,2,-,c,related,Jenny started her hike in the woods before her friend Adam arrived.   She left him a note explaining that she would mark her choice of direction at each intersection of paths and that he should catch up.,"At the first intersection, Jenny pointed out the direction she turned by using a string that she found in her pocket.",pointed out,string,,string linear or can curve,"At the first intersection, Jenny pointed out the direction she turned by using a [MASK] that she found in her pocket.","Jenny started her hike in the woods before her friend Adam arrived.   She left him a note explaining that she would mark her choice of direction at each intersection of paths and that he should catch up. At the first intersection, Jenny pointed out the direction she turned by using a [MASK] that she found in her pocket.",12.581911957111494,12.581911957111494,12.581911957111494,35.6183735202858,35.6183735202858,35.6183735202858,35.6183735202858,35.6183735202858,0.9967976212501526,0.42777466773986816,0.15662044286727905
1,3,-,a,related,Art was having guests over for a cocktail party to show off his new furniture.   At the last moment he realized that he didn’t have enough coasters to protect the table tops from condensation dripping off the glasses.,"In desperation, he grabbed a bunch of old magazines that his guests could use as coasters.",coasters,old magazines,,"coasters repel water, magazines absorb water","In desperation, he grabbed a bunch of [MASK] that his guests could use as coasters.","Art was having guests over for a cocktail party to show off his new furniture.   At the last moment he realized that he didn’t have enough coasters to protect the table tops from condensation dripping off the glasses. In desperation, he grabbed a bunch of [MASK] that his guests could use as coasters.",11.900527823600239,9.018623689452,23.801055647200478,27.21771532456017,17.915556969919148,13.608857662280085,35.831113939838296,27.21771532456017,0.9981642365455629,0.512872040271759,0.16448700428009033
1,3,-,b,afforded,Art was having guests over for a cocktail party to show off his new furniture.   At the last moment he realized that he didn’t have enough coasters to protect the table tops from condensation dripping off the glasses.,"In desperation, he grabbed a bunch of floppy disks that his guests could use as coasters.",coasters,floppy disks,,"coasters round, disks round, cups round","In desperation, he grabbed a bunch of [MASK] that his guests could use as coasters.","Art was having guests over for a cocktail party to show off his new furniture.   At the last moment he realized that he didn’t have enough coasters to protect the table tops from condensation dripping off the glasses. In desperation, he grabbed a bunch of [MASK] that his guests could use as coasters.",22.118666604054813,4.675511793926988,44.237333208109625,24.218676154141914,22.34157739786253,8.072892051380638,67.0247321935876,24.218676154141914,0.9960768818855286,0.4504315257072449,0.1818782091140747
1,3,-,c,nonafforded,Art was having guests over for a cocktail party to show off his new furniture.   At the last moment he realized that he didn’t have enough coasters to protect the table tops from condensation dripping off the glasses.,"In desperation, he grabbed a bunch of old pencils that his guests could use as coasters.",coasters,pencils,,"pencils linear, cups round, pencils don't repel water","In desperation, he grabbed a bunch of old [MASK] that his guests could use as coasters.","Art was having guests over for a cocktail party to show off his new furniture.   At the last moment he realized that he didn’t have enough coasters to protect the table tops from condensation dripping off the glasses. In desperation, he grabbed a bunch of old [MASK] that his guests could use as coasters.",18.392989610197613,12.510465685810804,36.78597922039523,29.99709316488565,20.06291396765245,9.999031054961883,60.18874190295736,29.99709316488565,0.9970236420631408,0.3162991404533386,0.16916930675506592
1,4,-,a,related,"Mike was freezing while walking up State Street into a brisk wind.  He knew that he had to get his face covered pretty soon or he would get frostbite.  Unfortunately, he didn’t have enough money to buy a scarf.","Being clever, he walked into a store and bought a ski-mask to cover his face.",face,ski-mask,,"ski-mask function, ski-mask shape","Being clever, he walked into a store and bought a [MASK] to cover his face.","Mike was freezing while walking up State Street into a brisk wind.  He knew that he had to get his face covered pretty soon or he would get frostbite.  Unfortunately, he didn’t have enough money to buy a scarf. Being clever, he walked into a store and bought a [MASK] to cover his face.",11.654046071858994,0.7576494737936741,34.962138215576985,34.5235903918941,23.72731946767281,11.507863463964705,71.18195840301846,34.5235903918941,0.9991138577461244,0.43646329641342163,0.16484063863754272
1,4,-,b,nonafforded,"Mike was freezing while walking up State Street into a brisk wind.  He knew that he had to get his face covered pretty soon or he would get frostbite.  Unfortunately, he didn’t have enough money to buy a scarf.","Being clever, he walked into a store and bought a matchbook to cover his face.",face,matchbook,,matchbook size,"Being clever, he walked into a store and bought a [MASK] to cover his face.","Mike was freezing while walking up State Street into a brisk wind.  He knew that he had to get his face covered pretty soon or he would get frostbite.  Unfortunately, he didn’t have enough money to buy a scarf. Being clever, he walked into a store and bought a [MASK] to cover his face.",23.13720783599869,7.743953403625053,46.274415671997396,45.295660197274024,32.953195556789645,22.647830098637012,65.90639111357929,45.295660197274024,0.9991055130958556,0.5243788957595825,0.16806888580322266
1,4,-,c,afforded,"Mike was freezing while walking up State Street into a brisk wind.  He knew that he had to get his face covered pretty soon or he would get frostbite.  Unfortunately, he didn’t have enough money to buy a scarf.","Being clever, he walked into a store and bought a newspaper to cover his face.",face,newspaper,,"newspaper size, newspaper insulating properties","Being clever, he walked into a store and bought a [MASK] to cover his face.","Mike was freezing while walking up State Street into a brisk wind.  He knew that he had to get his face covered pretty soon or he would get frostbite.  Unfortunately, he didn’t have enough money to buy a scarf. Being clever, he walked into a store and bought a [MASK] to cover his face.",19.370082768738946,19.370082768738946,19.370082768738946,58.304475973571684,25.007762717942448,19.43482532452389,75.02328815382737,58.304475973571684,0.9988968372344972,0.5471795797348022,0.16668319702148438
1,5,-,a,nonafforded,"David was playing hide and seek with his son, Duncan. ",David closed his eyes and counted to ten while Duncan hid in the cookie jar.,hid,cookie jar,,"size cookie jar, size boy",David closed his eyes and counted to ten while Duncan hid in the [MASK] .,"David was playing hide and seek with his son, Duncan.  David closed his eyes and counted to ten while Duncan hid in the [MASK] .",18.863975055493874,2.2851594325613083,37.72795011098775,32.68063672363546,32.477727290704806,16.34031836181773,64.95545458140964,32.68063672363546,0.998487949371338,0.4565137028694153,0.2780643105506897
1,5,-,b,afforded,"David was playing hide and seek with his son, Duncan. ",David closed his eyes and counted to ten while Duncan hid in the clothes dryer.,hid,clothes dryer,,"amount of air in clothes dryer, size of clothes dryer",David closed his eyes and counted to ten while Duncan hid in the [MASK] .,"David was playing hide and seek with his son, Duncan.  David closed his eyes and counted to ten while Duncan hid in the [MASK] .",19.401719976091254,7.815668928185889,58.20515992827375,34.55991504176848,23.70605614198989,8.63997876044212,94.82422456795956,34.55991504176848,0.9988251328468324,0.559731662273407,0.30211031436920166
1,5,-,c,related,"David was playing hide and seek with his son, Duncan. ",David closed his eyes and counted to ten while Duncan hid in the broom closet.,hid,broom closet,,"places boys hide, size broom closet",David closed his eyes and counted to ten while Duncan hid in the [MASK] .,"David was playing hide and seek with his son, Duncan.  David closed his eyes and counted to ten while Duncan hid in the [MASK] .",12.047213194807973,3.2267503940120044,24.09442638961595,43.95462608310718,18.647529055684675,14.65154202770239,55.94258716705402,43.95462608310718,0.9983894824981691,0.5089625716209412,0.29037731885910034
1,6,-,a,afforded,"Bill was working on painting his barn.  He reached most of it from the ground, but part of the wall was too high to reach without a ladder.  Unfortunately, he had lent his ladder to a neighbor.",Bill decided to stand on a tractor to finish painting the wall.,stand,tractor,,,Bill decided to stand on a [MASK] to finish painting the wall.,"Bill was working on painting his barn.  He reached most of it from the ground, but part of the wall was too high to reach without a ladder.  Unfortunately, he had lent his ladder to a neighbor. Bill decided to stand on a [MASK] to finish painting the wall.",20.248110064225195,20.248110064225195,20.248110064225195,46.5640068840399,24.099493305011233,23.28200344201995,48.198986610022466,46.5640068840399,0.9989416003227234,0.5048899352550507,0.15243321657180786
1,6,-,b,related,"Bill was working on painting his barn.  He reached most of it from the ground, but part of the wall was too high to reach without a ladder.  Unfortunately, he had lent his ladder to a neighbor.",Bill decided to stand on a chair to finish painting the wall.,stand,chair,,,Bill decided to stand on a [MASK] to finish painting the wall.,"Bill was working on painting his barn.  He reached most of it from the ground, but part of the wall was too high to reach without a ladder.  Unfortunately, he had lent his ladder to a neighbor. Bill decided to stand on a [MASK] to finish painting the wall.",7.3055460717409275,7.3055460717409275,7.3055460717409275,34.13091890942093,34.13091890942093,34.13091890942093,34.13091890942093,34.13091890942093,0.9990905523300172,0.40822315216064453,0.18403595685958862
1,6,-,c,nonafforded,"Bill was working on painting his barn.  He reached most of it from the ground, but part of the wall was too high to reach without a ladder.  Unfortunately, he had lent his ladder to a neighbor.",Bill decided to stand on a hammer to finish painting the wall.,stand,hammer,,,Bill decided to stand on a [MASK] to finish painting the wall.,"Bill was working on painting his barn.  He reached most of it from the ground, but part of the wall was too high to reach without a ladder.  Unfortunately, he had lent his ladder to a neighbor. Bill decided to stand on a [MASK] to finish painting the wall.",22.48419593628498,22.48419593628498,22.48419593628498,37.471271856653146,37.471271856653146,37.471271856653146,37.471271856653146,37.471271856653146,0.9990637898445128,0.4816754460334778,0.14650052785873413
1,7,-,a,afforded,"Phil was trying to get a barbecue going early in the morning for a tailgater.  He got dizzy from blowing on the coals, but they still weren’t burning well.",Phil grabbed a map and used it to fan the fire.,fan,map,,,Phil grabbed a [MASK] and used it to fan the fire.,"Phil was trying to get a barbecue going early in the morning for a tailgater.  He got dizzy from blowing on the coals, but they still weren’t burning well. Phil grabbed a [MASK] and used it to fan the fire.",18.541079932186946,18.541079932186946,18.541079932186946,41.773519738941324,41.773519738941324,41.773519738941324,41.773519738941324,41.773519738941324,0.9993879795074464,0.5925828218460083,0.19606667757034302
1,7,-,b,nonafforded,"Phil was trying to get a barbecue going early in the morning for a tailgater.  He got dizzy from blowing on the coals, but they still weren’t burning well.",Phil grabbed a rock and used it to fan the fire.,fan,rock,,,Phil grabbed a [MASK] and used it to fan the fire.,"Phil was trying to get a barbecue going early in the morning for a tailgater.  He got dizzy from blowing on the coals, but they still weren’t burning well. Phil grabbed a [MASK] and used it to fan the fire.",12.252853663132115,12.252853663132115,12.252853663132115,31.5912648254081,31.5912648254081,31.5912648254081,31.5912648254081,31.5912648254081,0.999419093132019,0.43928325176239014,0.18917274475097656
1,7,-,c,related,"Phil was trying to get a barbecue going early in the morning for a tailgater.  He got dizzy from blowing on the coals, but they still weren’t burning well.",Phil grabbed a bellows and used it to fan the fire.,fan,bellows,,,Phil grabbed a [MASK] and used it to fan the fire.,"Phil was trying to get a barbecue going early in the morning for a tailgater.  He got dizzy from blowing on the coals, but they still weren’t burning well. Phil grabbed a [MASK] and used it to fan the fire.",28.881986659130977,7.5681548422194735,57.763973318261954,29.836346851757263,28.03380379744676,14.918173425878631,56.06760759489352,29.836346851757263,0.9993789196014404,0.3662717342376709,0.1820806860923767
1,8,-,a,nonafforded,"Peggy was babysitting her infant nephew while she cooked dinner.  He was being fussy, but she had few toys to occupy him.",She gave him a large refrigerator to play with.,play,large refrigerator,,,She gave him a [MASK] to play with.,"Peggy was babysitting her infant nephew while she cooked dinner.  He was being fussy, but she had few toys to occupy him. She gave him a [MASK] to play with.",17.805215694566886,11.138881146628965,35.61043138913377,50.08390286175486,27.4324626909849,25.04195143087743,54.8649253819698,50.08390286175486,0.9991931319236756,0.4584943652153015,0.21230477094650269
1,8,-,b,related,"Peggy was babysitting her infant nephew while she cooked dinner.  He was being fussy, but she had few toys to occupy him.",She gave him a red beanbag to play with.,play,red beanbag,,,She gave him a [MASK] to play with.,"Peggy was babysitting her infant nephew while she cooked dinner.  He was being fussy, but she had few toys to occupy him. She gave him a [MASK] to play with.",17.537064729907456,7.607072786818775,52.61119418972237,46.35144652613732,25.77479618911573,15.450482175379102,77.3243885673472,46.35144652613732,0.9989450573921204,0.35454052686691284,0.2179432511329651
1,8,-,c,afforded,"Peggy was babysitting her infant nephew while she cooked dinner.  He was being fussy, but she had few toys to occupy him.",She gave him a plastic spoon to play with.,play,plastic spoon,,,She gave him a [MASK] to play with.,"Peggy was babysitting her infant nephew while she cooked dinner.  He was being fussy, but she had few toys to occupy him. She gave him a [MASK] to play with.",15.24596287928501,7.958444211607696,30.49192575857002,27.36821293601859,22.851566312019845,9.122737645339527,68.55469893605954,27.36821293601859,0.9989627599716188,0.38667720556259155,0.22828930616378784
1,9,-,a,nonafforded,"Joe’s roommates had taken all of the space in the closet, and there was no place to hang his coat.",Joe used the electric outlet as a coat rack.,coat rack,electric outlet,,,Joe used the [MASK] as a coat rack.,"Joe’s roommates had taken all of the space in the closet, and there was no place to hang his coat. Joe used the [MASK] as a coat rack.",19.319999552923075,13.122252091042947,38.63999910584615,37.414984954848755,27.81120323008572,18.70749247742437,55.62240646017143,37.414984954848755,0.9971088767051696,0.4731104373931885,0.20220106840133667
1,9,-,b,afforded,"Joe’s roommates had taken all of the space in the closet, and there was no place to hang his coat.",Joe used the vacuum cleaner as a coat rack.,coat rack,vacuum cleaner,,,Joe used the [MASK] as a coat rack.,"Joe’s roommates had taken all of the space in the closet, and there was no place to hang his coat. Joe used the [MASK] as a coat rack.",19.661656662040826,0.35636464968578496,39.32331332408165,12.659882096241825,25.642987210994512,3.164970524060456,102.57194884397805,12.659882096241825,0.9969184398651124,0.38304418325424194,0.2005634903907776
1,9,-,c,related,"Joe’s roommates had taken all of the space in the closet, and there was no place to hang his coat.",Joe used the door knob as a coat rack.,coat rack,door knob,,,Joe used the [MASK] as a coat rack.,"Joe’s roommates had taken all of the space in the closet, and there was no place to hang his coat. Joe used the [MASK] as a coat rack.",14.978050442195153,8.615054822769308,29.956100884390306,29.91096948033497,25.32730615268452,14.955484740167485,50.65461230536904,29.91096948033497,0.9957755208015442,0.39430540800094604,0.21724039316177368
1,10,-,a,related,"Jonathan opened up his car's trunk, but the ice scraper wasn't there.",Jonathan pulled out of his golf bag a screw driver and used that to chisel an inch of ice off his windshield.,chisel,screw driver,,,Jonathan pulled out of his golf bag a [MASK] and used that to chisel an inch of ice off his windshield.,"Jonathan opened up his car's trunk, but the ice scraper wasn't there. Jonathan pulled out of his golf bag a [MASK] and used that to chisel an inch of ice off his windshield.",23.25653545637064,18.78385631851929,46.51307091274128,47.515976258279885,24.19167813693747,15.838658752759965,72.57503441081242,47.515976258279885,0.9971524477005004,0.3314499855041504,0.21209615468978882
1,10,-,b,afforded,"Jonathan opened up his car's trunk, but the ice scraper wasn't there.",Jonathan pulled out of his golf bag a seven iron and used that to chisel an inch of ice off his windshield.,chisel,seven iron,,,Jonathan pulled out of his golf bag a [MASK] and used that to chisel an inch of ice off his windshield.,"Jonathan opened up his car's trunk, but the ice scraper wasn't there. Jonathan pulled out of his golf bag a [MASK] and used that to chisel an inch of ice off his windshield.",20.77084963940024,20.499983897632234,41.54169927880048,43.874571464239594,27.472479196485928,21.937285732119797,54.944958392971856,43.874571464239594,0.997666358947754,0.39981579780578613,0.21647828817367554
1,10,-,c,nonafforded,"Jonathan opened up his car's trunk, but the ice scraper wasn't there.",Jonathan pulled out of his golf bag a ham sandwich and used that to chisel an inch of ice off his windshield.,chisel,ham sandwich,,,Jonathan pulled out of his golf bag a [MASK] and used that to chisel an inch of ice off his windshield.,"Jonathan opened up his car's trunk, but the ice scraper wasn't there. Jonathan pulled out of his golf bag a [MASK] and used that to chisel an inch of ice off his windshield.",16.740260043479044,2.9647745679186435,33.48052008695809,43.03252325512723,25.36075987804114,21.516261627563615,50.72151975608228,43.03252325512723,0.9981548190116882,0.5079798698425293,0.20664238929748535
1,11,-,a,afforded,"After taking a shower at the gym, Sarah discovered that her skirt needed to be pressed free of wrinkles before she returned to work.",Sarah used her warm thermos to smooth her skirt.,smooth,warm thermos,,,Sarah used her [MASK] to smooth her skirt.,"After taking a shower at the gym, Sarah discovered that her skirt needed to be pressed free of wrinkles before she returned to work. Sarah used her [MASK] to smooth her skirt.",19.763169530734924,10.651924992623591,79.05267812293967,31.476786335676756,28.17362700230809,10.49226211189225,84.52088100692428,31.476786335676756,0.9991347193717957,0.556230902671814,0.2536360025405884
1,11,-,b,related,"After taking a shower at the gym, Sarah discovered that her skirt needed to be pressed free of wrinkles before she returned to work.",Sarah used her hair dryer to smooth her skirt.,smooth,hair dryer,,,Sarah used her [MASK] to smooth her skirt.,"After taking a shower at the gym, Sarah discovered that her skirt needed to be pressed free of wrinkles before she returned to work. Sarah used her [MASK] to smooth her skirt.",14.833695896961453,4.947624825492404,44.50108769088436,26.23365078320861,14.872323121047401,8.744550261069536,44.6169693631422,26.23365078320861,0.9992617964744568,0.360162615776062,0.18909889459609985
1,11,-,c,nonafforded,"After taking a shower at the gym, Sarah discovered that her skirt needed to be pressed free of wrinkles before she returned to work.",Sarah used her hair pin to smooth her skirt.,smooth,hair pin,,,Sarah used her [MASK] to smooth her skirt.,"After taking a shower at the gym, Sarah discovered that her skirt needed to be pressed free of wrinkles before she returned to work. Sarah used her [MASK] to smooth her skirt.",12.114113199987171,6.8212969723901375,24.228226399974343,48.361516428174745,22.154358086187788,24.180758214087373,44.308716172375576,48.361516428174745,0.9991089701652528,0.36608511209487915,0.20530647039413452
1,12,-,a,related,"When Aaron got to work at McDonald’s he realized that he forgot his cap at home.   The manager had a strict rule: If your hair isn’t covered, you cannot work.",Aaron used a shower cap to cover his hair.,hair,shower cap,,,Aaron used a [MASK] to cover his hair.,"When Aaron got to work at McDonald’s he realized that he forgot his cap at home.   The manager had a strict rule: If your hair isn’t covered, you cannot work. Aaron used a [MASK] to cover his hair.",6.843351905081643,9.345927918587645,13.686703810163285,39.247073853276746,20.622290663513137,13.082357951092249,61.86687199053941,39.247073853276746,0.9991937279701232,0.4342408776283264,0.31206220388412476
1,12,-,b,nonafforded,"When Aaron got to work at McDonald’s he realized that he forgot his cap at home.   The manager had a strict rule: If your hair isn’t covered, you cannot work.",Aaron used a hamburger bun to cover his hair.,hair,hamburger bun,,,Aaron used a [MASK] to cover his hair.,"When Aaron got to work at McDonald’s he realized that he forgot his cap at home.   The manager had a strict rule: If your hair isn’t covered, you cannot work. Aaron used a [MASK] to cover his hair.",16.742939086779078,10.060849988753873,33.485878173558156,17.873446295964932,21.073582152908607,4.468361573991233,84.29432861163441,17.873446295964932,0.99933260679245,0.45471614599227905,0.2819635272026062
1,12,-,c,afforded,"When Aaron got to work at McDonald’s he realized that he forgot his cap at home.   The manager had a strict rule: If your hair isn’t covered, you cannot work.",Aaron used a sandwich wrapper to cover his hair.,hair,sandwich wrapper,,,Aaron used a [MASK] to cover his hair.,"When Aaron got to work at McDonald’s he realized that he forgot his cap at home.   The manager had a strict rule: If your hair isn’t covered, you cannot work. Aaron used a [MASK] to cover his hair.",15.502299314975716,8.551647171477837,46.50689794492715,31.87761278561312,29.275393888858666,10.625870928537708,87.82618166657599,31.87761278561312,0.9990750551223756,0.49512284994125366,0.2828602194786072
1,13,-,a,afforded,Marissa forgot to bring her pillow on her camping trip.,"As a substitute for her pillow, she filled up an old sweater with leaves.",pillow,leaves,,,"As a substitute for her pillow, she filled up an old sweater with [MASK] .","Marissa forgot to bring her pillow on her camping trip. As a substitute for her pillow, she filled up an old sweater with [MASK] .",12.526408240246088,12.526408240246088,12.526408240246088,28.736390693915105,22.91288911083092,14.368195346957553,45.82577822166184,28.736390693915105,0.9992285966873168,0.5307601392269135,0.2347434163093567
1,13,-,b,nonafforded,Marissa forgot to bring her pillow on her camping trip.,"As a substitute for her pillow, she filled up an old sweater with water.",pillow,water,,,"As a substitute for her pillow, she filled up an old sweater with [MASK] .","Marissa forgot to bring her pillow on her camping trip. As a substitute for her pillow, she filled up an old sweater with [MASK] .",7.977989200734763,7.977989200734763,7.977989200734763,28.529159332280983,28.529159332280983,28.529159332280983,28.529159332280983,28.529159332280983,0.9992720484733582,0.5221123993396759,0.24859333038330078
1,13,-,c,related,Marissa forgot to bring her pillow on her camping trip.,"As a substitute for her pillow, she filled up an old sweater with clothes.",pillow,clothes,,,"As a substitute for her pillow, she filled up an old sweater with [MASK] .","Marissa forgot to bring her pillow on her camping trip. As a substitute for her pillow, she filled up an old sweater with [MASK] .",8.0634554741342,8.0634554741342,8.0634554741342,21.528471222204065,23.771390396645913,10.764235611102032,47.542780793291826,21.528471222204065,0.9991376399993896,0.4813782572746277,0.2169269323348999
1,14,-,a,related,"After wading barefoot in the lake, Erik needed something to get dry.",He used his towel to dry his feet.,dry,towel,Might be missing content from setting,,He used his [MASK] to dry his feet.,"After wading barefoot in the lake, Erik needed something to get dry. He used his [MASK] to dry his feet.",3.615839069873588,3.615839069873588,3.615839069873588,27.602855280343828,18.074771495111705,9.200951760114613,54.22431448533512,27.602855280343828,0.9997077584266664,0.37187594175338745,0.2016505002975464
1,14,-,b,afforded,"After wading barefoot in the lake, Erik needed something to get dry.",He used his shirt to dry his feet.,dry,shirt,,,He used his [MASK] to dry his feet.,"After wading barefoot in the lake, Erik needed something to get dry. He used his [MASK] to dry his feet.",5.840909873235173,5.840909873235173,5.840909873235173,27.61913462927491,27.61913462927491,27.61913462927491,27.61913462927491,27.61913462927491,0.9996137022972108,0.4728347063064575,0.1962796449661255
1,14,-,c,nonafforded,"After wading barefoot in the lake, Erik needed something to get dry.",He used his glasses to dry his feet.,dry,glasses,,,He used his [MASK] to dry his feet.,"After wading barefoot in the lake, Erik needed something to get dry. He used his [MASK] to dry his feet.",14.655479447619793,14.655479447619793,14.655479447619793,26.6347859656642,29.899830933583125,13.3173929828321,59.79966186716625,26.6347859656642,0.9995446801185608,0.5904480516910553,0.24682164192199707
1,15,-,a,nonafforded,"While taking a walk, Colleen ran into an old friend that she hadn’t seen in over a year.   They exchanged phone numbers, but Colleen couldn’t find anything in her purse to write the number on.",She looked around and found a bent earring to write the number on.,write,bent earring,,,She looked around and found a [MASK] to write the number on.,"While taking a walk, Colleen ran into an old friend that she hadn’t seen in over a year.   They exchanged phone numbers, but Colleen couldn’t find anything in her purse to write the number on. She looked around and found a [MASK] to write the number on.",18.393646558321304,11.414002642818543,55.18093967496392,52.23912004899949,26.101597332687675,17.413040016333166,78.30479199806301,52.23912004899949,0.9996286630630492,0.5788718461990356,0.19804948568344116
1,15,-,b,related,"While taking a walk, Colleen ran into an old friend that she hadn’t seen in over a year.   They exchanged phone numbers, but Colleen couldn’t find anything in her purse to write the number on.",She looked around and found a note pad to write the number on.,write,note pad,,,She looked around and found a [MASK] to write the number on.,"While taking a walk, Colleen ran into an old friend that she hadn’t seen in over a year.   They exchanged phone numbers, but Colleen couldn’t find anything in her purse to write the number on. She looked around and found a [MASK] to write the number on.",7.957732948082567,7.672192659813467,15.915465896165134,27.208376418741906,19.894545258872785,13.604188209370953,39.78909051774557,27.208376418741906,0.9996829032897948,0.39186328649520874,0.19847363233566284
1,15,-,c,afforded,"While taking a walk, Colleen ran into an old friend that she hadn’t seen in over a year.   They exchanged phone numbers, but Colleen couldn’t find anything in her purse to write the number on.",She looked around and found a popsicle stick to write the number on.,write,popsicle stick,,,She looked around and found a [MASK] to write the number on.,"While taking a walk, Colleen ran into an old friend that she hadn’t seen in over a year.   They exchanged phone numbers, but Colleen couldn’t find anything in her purse to write the number on. She looked around and found a [MASK] to write the number on.",21.805450429975973,10.786483894661284,65.41635128992792,18.032403472802613,23.81530371380623,4.508100868200653,95.26121485522488,18.032403472802613,0.9996393918991088,0.5961627066135406,0.2088645100593567
1,16,-,a,afforded,Harry accidentally dropped his book behind his bed.  He couldn’t reach it with his hand.,He tried to push it out by using a rolled paper.,push,rolled paper,,,He tried to push it out by using a [MASK] .,Harry accidentally dropped his book behind his bed.  He couldn’t reach it with his hand. He tried to push it out by using a [MASK] .,17.48378767760756,9.485227712012586,34.96757535521512,35.597288037297005,28.742503972218923,17.798644018648503,57.48500794443785,35.597288037297005,0.9936547279357909,0.40294361114501953,0.20917826890945435
1,16,-,b,related,Harry accidentally dropped his book behind his bed.  He couldn’t reach it with his hand.,He tried to push it out by using a mop handle.,push,mop handle,,,He tried to push it out by using a [MASK] .,Harry accidentally dropped his book behind his bed.  He couldn’t reach it with his hand. He tried to push it out by using a [MASK] .,16.525089032422347,11.480783225024345,49.57526709726704,61.30508541056028,25.451666711480087,30.65254270528014,50.90333342296017,61.30508541056028,0.9940463304519652,0.361378014087677,0.2251705527305603
1,16,-,c,nonafforded,Harry accidentally dropped his book behind his bed.  He couldn’t reach it with his hand.,He tried to push it out by using a smelly sock.,push,smelly sock,,,He tried to push it out by using a [MASK] .,Harry accidentally dropped his book behind his bed.  He couldn’t reach it with his hand. He tried to push it out by using a [MASK] .,17.939832992796127,10.862638831029074,53.819498978388395,28.36755769456932,24.51367302327797,9.455852564856439,73.54101906983392,28.36755769456932,0.995165467262268,0.4395182728767395,0.2086716890335083
1,17,-,a,related,"Janet was teaching her class and desperately needed to draw on the blackboard, but as usual, the janitorial staff had forgotten to put fresh supplies in the classroom.",She looked around and found an eraser and some chalk in a cup to use on the blackboard.,blackboard,chalk,,,She looked around and found an eraser and some [MASK] in a cup to use on the blackboard.,"Janet was teaching her class and desperately needed to draw on the blackboard, but as usual, the janitorial staff had forgotten to put fresh supplies in the classroom. She looked around and found an eraser and some [MASK] in a cup to use on the blackboard.",3.5174295111899485,3.5174295111899485,3.5174295111899485,47.078369145721595,29.99940405875009,23.539184572860798,59.99880811750019,47.078369145721595,0.997857391834259,0.41326290369033813,0.19538569450378418
1,17,-,b,afforded,"Janet was teaching her class and desperately needed to draw on the blackboard, but as usual, the janitorial staff had forgotten to put fresh supplies in the classroom.",She looked around and found an eraser and some rice in a cup to use on the blackboard.,blackboard,rice,,,She looked around and found an eraser and some [MASK] in a cup to use on the blackboard.,"Janet was teaching her class and desperately needed to draw on the blackboard, but as usual, the janitorial staff had forgotten to put fresh supplies in the classroom. She looked around and found an eraser and some [MASK] in a cup to use on the blackboard.",13.076822451979337,13.076822451979337,13.076822451979337,48.65243873665261,48.65243873665261,48.65243873665261,48.65243873665261,48.65243873665261,0.9977019429206848,0.530464231967926,0.19290924072265625
1,17,-,c,nonafforded,"Janet was teaching her class and desperately needed to draw on the blackboard, but as usual, the janitorial staff had forgotten to put fresh supplies in the classroom.",She looked around and found a brush and some water in a cup to use on the blackboard.,blackboard,water,,,She looked around and found a brush and some [MASK] in a cup to use on the blackboard.,"Janet was teaching her class and desperately needed to draw on the blackboard, but as usual, the janitorial staff had forgotten to put fresh supplies in the classroom. She looked around and found a brush and some [MASK] in a cup to use on the blackboard.",3.3932763562511177,3.3932763562511177,3.3932763562511177,29.16440063206256,29.16440063206256,29.16440063206256,29.16440063206256,29.16440063206256,0.9973196387290956,0.6013725697994232,0.2185150384902954
1,18,-,a,nonafforded,"Judy was trying to complete the Xeroxing using the machine in the hallway, but people kept asking her if they could cut in to make a few copies.",She became so frustrated that she moved the Xerox machine into her mailbox to get some privacy.,privacy,her mailbox,,,She became so frustrated that she moved the Xerox machine into [MASK] to get some privacy.,"Judy was trying to complete the Xeroxing using the machine in the hallway, but people kept asking her if they could cut in to make a few copies. She became so frustrated that she moved the Xerox machine into [MASK] to get some privacy.",13.529754461812539,4.145189862353992,40.58926338543762,49.515137578552725,25.149554480537766,24.75756878927637,50.29910896107553,49.515137578552725,0.9993583559989928,0.5462047457695007,0.16476041078567505
1,18,-,b,afforded,"Judy was trying to complete the Xeroxing using the machine in the hallway, but people kept asking her if they could cut in to make a few copies.",She became so frustrated that she moved the Xerox machine into the lavatory to get some privacy.,privacy,the lavatory,,,She became so frustrated that she moved the Xerox machine into [MASK] to get some privacy.,"Judy was trying to complete the Xeroxing using the machine in the hallway, but people kept asking her if they could cut in to make a few copies. She became so frustrated that she moved the Xerox machine into [MASK] to get some privacy.",17.243388026143133,7.187487960311909,51.730164078429404,30.21718486604954,21.79549616451912,10.072394955349846,65.38648849355735,30.21718486604954,0.9993016719818116,0.5289086997509003,0.16380757093429565
1,18,-,c,related,"Judy was trying to complete the Xeroxing using the machine in the hallway, but people kept asking her if they could cut in to make a few copies.",She became so frustrated that she moved the Xerox machine into her office to get some privacy.,privacy,her office,,,She became so frustrated that she moved the Xerox machine into [MASK] to get some privacy.,"Judy was trying to complete the Xeroxing using the machine in the hallway, but people kept asking her if they could cut in to make a few copies. She became so frustrated that she moved the Xerox machine into [MASK] to get some privacy.",4.485083168994752,2.323721059901815,8.970166337989504,27.772473811291558,16.884407171724796,13.886236905645776,33.76881434344959,27.772473811291558,0.9994434714317322,0.5404483675956726,0.16161924600601196
2,1,1,a,afforded,Susan and Sara were having a water fight in their kitchen.,Susan threw some hot water on Sara's arm and it burned the skin off her arm.,-,hot water,,,Susan threw some [MASK] on Sara's arm and it burned the skin off her arm.,Susan and Sara were having a water fight in their kitchen. Susan threw some [MASK] on Sara's arm and it burned the skin off her arm.,5.762891038020444,0.5279980640181914,11.525782076040889,27.95263125573853,13.665394461649525,13.976315627869266,27.33078892329905,27.95263125573853,0.9986190795898438,,0.3108173608779907
2,1,1,b,nonafforded,Susan and Sara were having a water fight in their kitchen.,Susan took a pitcher of hot water and poured it on Sara to cool her off.,-,hot water,,,Susan took a pitcher of [MASK] and poured it on Sara to cool her off.,Susan and Sara were having a water fight in their kitchen. Susan took a pitcher of [MASK] and poured it on Sara to cool her off.,3.0931109349220587,1.6965846686898227,6.186221869844117,28.79814246914092,14.230633472880664,14.399071234570458,28.461266945761327,28.79814246914092,0.9973819851875304,,0.3043929934501648
2,1,2,a,afforded,Susan and Sara were having a water fight in their kitchen.,Susan took a pitcher of cold water and poured it on Sara to cool her off.,-,cold water,,,Susan took a pitcher of [MASK] and poured it on Sara to cool her off.,Susan and Sara were having a water fight in their kitchen. Susan took a pitcher of [MASK] and poured it on Sara to cool her off.,2.112456607730784,1.1419835226215067,4.224913215461567,25.37496780428685,13.593617139378965,12.687483902143425,27.18723427875793,25.37496780428685,0.9972853660583496,,0.3140873312950134
2,1,2,b,nonafforded,Susan and Sara were having a water fight in their kitchen.,Susan threw some cold water on Sara's arm and it burned the skin of off her arm.,-,cold water,,,Susan threw some [MASK] on Sara's arm and it burned the skin of off her arm.,Susan and Sara were having a water fight in their kitchen. Susan threw some [MASK] on Sara's arm and it burned the skin of off her arm.,7.942533677473795,1.6360182098786196,15.88506735494759,27.39471765393917,15.076282215046339,13.697358826969587,30.152564430092678,27.39471765393917,0.9987738728523254,,0.34010058641433716
2,2,1,a,afforded,Kate was cleaning her kitchen on Sunday morning after a big party she had the night before.,"Since she couldn't reach the ceiling, she stuck her broom up in the air to try to get a piece of gum off her ceiling tile.",-,ceiling tile,,,"Since she couldn't reach the ceiling, she stuck her broom up in the air to try to get a piece of gum off her [MASK] .","Kate was cleaning her kitchen on Sunday morning after a big party she had the night before. Since she couldn't reach the ceiling, she stuck her broom up in the air to try to get a piece of gum off her [MASK] .",18.07032349993495,6.741517046038942,36.14064699986989,34.57833245279575,26.48460829712872,11.526110817598585,79.45382489138616,34.57833245279575,0.9987932443618774,,0.3092312812805176
2,2,1,b,nonafforded,Kate was cleaning her kitchen on Sunday morning after a big party she had the night before.,She got down on her hands and knees to scrape the beer stains off the ceiling tile.,-,ceiling tile,,,She got down on her hands and knees to scrape the beer stains off the [MASK] .,Kate was cleaning her kitchen on Sunday morning after a big party she had the night before. She got down on her hands and knees to scrape the beer stains off the [MASK] .,8.161674266908335,5.598630340383433,16.32334853381667,35.53860937802831,19.825930741286964,11.846203126009435,59.4777922238609,35.53860937802831,0.9990868568420409,,0.35007375478744507
2,2,2,a,afforded,Kate was cleaning her kitchen on Sunday morning after a big party she had the night before.,She got down on her hands and knees to scrape the beer stains off the floor tile.,-,floor tile,,,She got down on her hands and knees to scrape the beer stains off the [MASK] .,Kate was cleaning her kitchen on Sunday morning after a big party she had the night before. She got down on her hands and knees to scrape the beer stains off the [MASK] .,6.0861050468582265,8.861211029172699,12.172210093716451,45.82913105448589,19.241958675251233,22.914565527242946,38.483917350502466,45.82913105448589,0.999013900756836,,0.3479781150817871
2,2,2,b,nonafforded,Kate was cleaning her kitchen on Sunday morning after a big party she had the night before.,"Since she couldn't reach the ceiling, she stuck her broom up broom uppom up in the air to try to get a piece of gum off her floor tile.",-,floor tile,,,"Since she couldn't reach the ceiling, she stuck her broom up broom uppom up in the air to try to get a piece of gum off her [MASK] .","Kate was cleaning her kitchen on Sunday morning after a big party she had the night before. Since she couldn't reach the ceiling, she stuck her broom up broom uppom up in the air to try to get a piece of gum off her [MASK] .",16.763662127293266,8.548120609896879,33.52732425458653,38.43333384510238,23.013962015323308,19.21666692255119,46.027924030646616,38.43333384510238,0.9986920952796936,,0.3055729866027832
2,3,1,a,afforded,Jenny's family was on a camping trip in the mountains.  Jenny was sleeping in a tent by herself and she started to get a little scared as she drifted off to sleep.,She grabbed a teddy bear out of her backpack to cuddle with while she slept.,-,teddy bear,,,She grabbed a [MASK] out of her backpack to cuddle with while she slept.,Jenny's family was on a camping trip in the mountains.  Jenny was sleeping in a tent by herself and she started to get a little scared as she drifted off to sleep. She grabbed a [MASK] out of her backpack to cuddle with while she slept.,9.964073897711199,0.043593126251957104,19.928147795422397,47.183856578140286,21.492988767808868,15.727952192713433,64.4789663034266,47.183856578140286,0.9994068145751952,,0.22602075338363647
2,3,1,b,nonafforded,Jenny's family was on a camping trip in the mountains.  Jenny was sleeping in a tent by herself and she started to get a little scared as she drifted off to sleep.,She screamed as she saw a large teddy bear eating their leftover dinner.,-,teddy bear,,,She screamed as she saw a large [MASK] eating their leftover dinner.,Jenny's family was on a camping trip in the mountains.  Jenny was sleeping in a tent by herself and she started to get a little scared as she drifted off to sleep. She screamed as she saw a large [MASK] eating their leftover dinner.,10.558323582320154,1.709753106791864,21.11664716464031,44.565006337049454,25.781941500978387,14.855002112349815,77.34582450293517,44.565006337049454,0.9990585446357728,,0.24444913864135742
2,3,2,a,afforded,Jenny's family was on a camping trip in the mountains.  Jenny was sleeping in a tent by herself and she started to get a little scared as she drifted off to sleep.,She screamed as she saw a large grizzly bear eating their leftover dinner.,-,grizzly bear,,,She screamed as she saw a large [MASK] eating their leftover dinner.,Jenny's family was on a camping trip in the mountains.  Jenny was sleeping in a tent by herself and she started to get a little scared as she drifted off to sleep. She screamed as she saw a large [MASK] eating their leftover dinner.,12.67146726338856,9.001353098644033,38.014401790165685,12.811035588575244,20.548117161497128,2.5622071177150487,102.74058580748564,12.811035588575244,0.9993383288383484,,0.28203070163726807
2,3,2,b,nonafforded,Jenny's family was on a camping trip in the mountains.  Jenny was sleeping in a tent by herself and she started to get a little scared as she drifted off to sleep.,She grabbed a grizzly bear out of her backpack to cuddle with while she slept.,-,grizzly bear,,,She grabbed a [MASK] out of her backpack to cuddle with while she slept.,Jenny's family was on a camping trip in the mountains.  Jenny was sleeping in a tent by herself and she started to get a little scared as she drifted off to sleep. She grabbed a [MASK] out of her backpack to cuddle with while she slept.,17.3030291466501,9.376852897934643,51.90908743995031,18.427480193547016,18.479612479848466,3.6854960387094033,92.3980623992423,18.427480193547016,0.9995611310005188,,0.2275855541229248
2,4,1,a,afforded,Bill noticed that there was water dripping from his ceiling.,Bill used a thin plastic sheet to protect his chair from the water.,-,plastic sheet,,,Bill used a thin [MASK] to protect his chair from the water.,Bill noticed that there was water dripping from his ceiling. Bill used a thin [MASK] to protect his chair from the water.,3.068020756617133,3.2076342049006112,6.136041513234266,20.983553307743854,17.80588071063954,6.9945177692479525,53.41764213191861,20.983553307743854,0.999155044555664,,0.23597657680511475
2,4,1,b,nonafforded,Bill noticed that there was water dripping from his ceiling.,Bill used a thin plastic sheet to absorb the water that had fallen.,-,plastic sheet,,,Bill used a thin [MASK] to absorb the water that had fallen.,Bill noticed that there was water dripping from his ceiling. Bill used a thin [MASK] to absorb the water that had fallen.,3.9481590076081816,3.4310231164891833,7.896318015216362,20.596785698020955,18.6626009121558,6.865595232673652,55.98780273646739,20.596785698020955,0.9992018342018129,,0.20824772119522095
2,4,2,a,afforded,Bill noticed that there was water dripping from his ceiling.,Bill used a thin cloth sheet to absorb the water that had fallen.,-,cloth sheet,,,Bill used a thin [MASK] to absorb the water that had fallen.,Bill noticed that there was water dripping from his ceiling. Bill used a thin [MASK] to absorb the water that had fallen.,4.973644987825205,7.798285962936668,9.94728997565041,26.045868851472417,11.871249322506502,13.022934425736208,23.742498645013004,26.045868851472417,0.9993224143981934,,0.19537091255187988
2,4,2,b,nonafforded,Bill noticed that there was water dripping from his ceiling.,Bill used a thin cloth sheet to protect his chair from the water.,-,cloth sheet,,,Bill used a thin [MASK] to protect his chair from the water.,Bill noticed that there was water dripping from his ceiling. Bill used a thin [MASK] to protect his chair from the water.,3.8686293874600963,7.402556187456884,7.737258774920193,25.36405820635284,11.470697281771647,12.68202910317642,22.94139456354329,25.36405820635284,0.9992733597755432,,0.2178444266319275
2,5,1,a,afforded,Richard was digging through a box of junk in his basement.,He crushed a ping pong ball in his hand.,-,ping pong ball,,,He crushed a [MASK] in his hand.,Richard was digging through a box of junk in his basement. He crushed a [MASK] in his hand.,20.651604536142173,3.1597299694659964,82.60641814456869,45.763464293197785,20.2660618140358,11.440866073299446,81.06424725614319,45.763464293197785,0.9995691180229188,,0.32845354080200195
2,5,1,b,nonafforded,Richard was digging through a box of junk in his basement.,He sunk a ping pong ball in a bucket of water.,-,ping pong ball,,,He sunk a [MASK] in a bucket of water.,Richard was digging through a box of junk in his basement. He sunk a [MASK] in a bucket of water.,23.238877002867977,3.204842565845735,92.9555080114719,45.15446610706614,20.14225977325161,11.288616526766535,80.56903909300644,45.15446610706614,0.9995121955871582,,0.277282178401947
2,5,2,a,afforded,Richard was digging through a box of junk in his basement.,He sunk a steel ball in a bucket of water.,-,steel ball,,,He sunk a [MASK] in a bucket of water.,Richard was digging through a box of junk in his basement. He sunk a [MASK] in a bucket of water.,10.652870724758417,8.087999589033721,21.305741449516827,55.75997432458429,23.59021897458631,27.879987162292146,47.180437949172614,55.75997432458429,0.9993601441383362,,0.2281227707862854
2,5,2,b,nonafforded,Richard was digging through a box of junk in his basement.,He crushed a steel ball in his haaand.,-,steel ball,,,He crushed a [MASK] in his haaand.,Richard was digging through a box of junk in his basement. He crushed a [MASK] in his haaand.,10.192557202628377,8.026309560674713,20.38511440525675,57.01567893093358,22.698859912339678,28.50783946546679,45.397719824679356,57.01567893093358,0.9991933703422546,,0.29038935899734497
2,6,1,a,afforded,Henry had just finished skinny dipping in the lake.,He covered up his body with his beach towel.,-,beach towel,,,He covered up his body with his [MASK] .,Henry had just finished skinny dipping in the lake. He covered up his body with his [MASK] .,8.059119486483327,2.8425285845253434,16.118238972966655,34.419595814843625,19.8274111862513,11.473198604947875,59.4822335587539,34.419595814843625,0.9992647767066956,,0.30710291862487793
2,6,1,b,nonafforded,Henry had just finished skinny dipping in the lake.,He pulled out a beach towel from his jeans' pocket.,-,beach towel,,,He pulled out a [MASK] from his jeans' pocket.,Henry had just finished skinny dipping in the lake. He pulled out a [MASK] from his jeans' pocket.,11.631557605300728,2.1705591595532896,23.26311521060145,34.61158895447162,19.33364331932,11.537196318157209,58.000929957959976,34.61158895447162,0.998653531074524,,0.3538389801979065
2,6,2,a,afforded,Henry had just finished skinny dipping in the lake.,He pulled out a hand towel from his jeans' pocket.,-,hand towel,,,He pulled out a [MASK] from his jeans' pocket.,Henry had just finished skinny dipping in the lake. He pulled out a [MASK] from his jeans' pocket.,12.636935804922139,4.297834653920789,25.273871609844278,27.43201985917681,19.44486350146948,13.716009929588404,38.88972700293896,27.43201985917681,0.9977134466171264,,0.3975253701210022
2,6,2,b,nonafforded,Henry had just finished skinny dipping in the lake.,He covered up his body with his hand towel.,-,hand towel,,,He covered up his body with his [MASK] .,Henry had just finished skinny dipping in the lake. He covered up his body with his [MASK] .,8.885608491303552,2.997927066954268,17.771216982607104,31.707378092904293,16.091879039068164,15.853689046452146,32.18375807813633,31.707378092904293,0.9990556836128236,,0.35914480686187744
2,7,1,a,afforded,John was cleaning up his garage.,He put all the old baseballs he found into a garbage can.,-,garbage can,,,He put all the old baseballs he found into a [MASK] .,John was cleaning up his garage. He put all the old baseballs he found into a [MASK] .,7.2057290064127,2.9025209287272697,14.4114580128254,12.67560776524268,21.7610063035704,4.225202588414226,65.2830189107112,12.67560776524268,0.998982846736908,,0.24777477979660034
2,7,1,b,nonafforded,John was cleaning up his garage.,He found an old garbage can and put it in his glove compartment.,-,garbage can,,,He found an old [MASK] and put it in his glove compartment.,John was cleaning up his garage. He found an old [MASK] and put it in his glove compartment.,12.783798067583046,2.010770005388681,25.56759613516609,11.828228104911535,24.224257573345646,3.9427427016371785,72.67277272003693,11.828228104911535,0.9984530210494996,,0.25812357664108276
2,7,2,a,afforded,John was cleaning up his garage.,He found an old soda can and put it in his glove compartment.,-,soda can,,,He found an old [MASK] and put it in his glove compartment.,John was cleaning up his garage. He found an old [MASK] and put it in his glove compartment.,14.043459298277098,3.5700339253574724,28.086918596554195,24.180385015745834,19.678989263723995,8.060128338581945,59.03696779117199,24.180385015745834,0.998815655708313,,0.2631946802139282
2,7,2,b,nonafforded,John was cleaning up his garage.,He put all the old baseballs he found into a soda can.,-,soda can,,,He put all the old baseballs he found into a [MASK] .,John was cleaning up his garage. He put all the old baseballs he found into a [MASK] .,12.714156106958132,7.914990802036513,25.428312213916264,27.71489791756154,22.467920566072262,9.238299305853847,67.4037616982168,27.71489791756154,0.9993855953216552,,0.25082844495773315
2,8,1,a,afforded,Janice was sitting in her den.,The ticking of the desk clock was annoying her so she placed it in her drawer.,-,desk clock,,,The ticking of the [MASK] was annoying her so she placed it in her drawer.,Janice was sitting in her den. The ticking of the [MASK] was annoying her so she placed it in her drawer.,5.533907151520995,5.070475607007396,11.06781430304199,27.13458725732304,16.76724905900173,9.044862419107679,50.301747177005176,27.13458725732304,0.999560296535492,,0.3323819041252136
2,8,1,b,nonafforded,Janice was sitting in her den.,"She wanted to hide a folder from her husband, so she put it inside the desk clock.",-,desk clock,,,"She wanted to hide a folder from her husband, so she put it inside the [MASK] .","Janice was sitting in her den. She wanted to hide a folder from her husband, so she put it inside the [MASK] .",15.950604824531672,18.760348468039826,31.901209649063354,45.96490404609372,21.888749594543626,15.32163468203124,65.66624878363089,45.96490404609372,0.9972046017646791,,0.3007311224937439
2,8,2,a,afforded,Janice was sitting in her den.,The ticking of the grandfather clock was annoying her so she placed it in her drawer.,-,grandfather clock,,,The ticking of the [MASK] was annoying her so she placed it in her drawer.,Janice was sitting in her den. The ticking of the [MASK] was annoying her so she placed it in her drawer.,6.548290028863555,1.6643926545096457,13.09658005772711,32.368968194290055,21.171481427218076,10.789656064763351,63.514444281654214,32.368968194290055,0.999693751335144,,0.33263880014419556
2,8,2,b,nonafforded,Janice was sitting in her den.,"She wanted to hide a folder from her husband, so she put it inside the grandfather clock.",-,grandfather clock,,,"She wanted to hide a folder from her husband, so she put it inside the [MASK] .","Janice was sitting in her den. She wanted to hide a folder from her husband, so she put it inside the [MASK] .",20.599514840904888,3.283216008957943,41.199029681809776,30.99513743743721,24.332092749510412,10.331712479145738,72.9962782485312,30.99513743743721,0.9978838562965392,,0.3044862151145935
2,9,1,a,afforded,Julie needed some extra money to pay bills. ,She decided she would rent out the extra room in her ranch house to college students.,-,ranch house,,,She decided she would rent out the extra room in her [MASK] to college students.,Julie needed some extra money to pay bills.  She decided she would rent out the extra room in her [MASK] to college students.,11.358783697123927,6.611817349970202,22.71756739424785,42.51551794970378,23.379026359345087,21.25775897485189,46.75805271869017,42.51551794970378,0.9992951154708862,,0.23216032981872559
2,9,1,b,nonafforded,Julie needed some extra money to pay bills. ,She decided to throw her ranch house into the backseat of her car and take it to the pawn shop.,-,ranch house,,,She decided to throw her [MASK] into the backseat of her car and take it to the pawn shop.,Julie needed some extra money to pay bills.  She decided to throw her [MASK] into the backseat of her car and take it to the pawn shop.,20.039331222605934,10.873619061769832,40.07866244521188,51.915152373049935,27.10046852998633,25.957576186524967,54.20093705997267,51.915152373049935,0.9992423057556152,,0.3052316904067993
2,9,2,a,afforded,Julie needed some extra money to pay bills. ,She decided to throw her doll house into the backseat of her car and take it to the pawn shop.,-,doll house,,,She decided to throw her [MASK] into the backseat of her car and take it to the pawn shop.,Julie needed some extra money to pay bills.  She decided to throw her [MASK] into the backseat of her car and take it to the pawn shop.,20.95821023684823,10.89567928311448,41.91642047369646,37.00169063386664,18.830062273556045,12.333896877955544,56.49018682066817,37.00169063386664,0.9990583062171936,,0.30912238359451294
2,9,2,b,nonafforded,Julie needed some extra money to pay bills. ,She decided she would rent out the extra room in her doll house to college students.,-,doll house,,,She decided she would rent out the extra room in her [MASK] to college students.,Julie needed some extra money to pay bills.  She decided she would rent out the extra room in her [MASK] to college students.,14.678494946402278,7.829126919418662,29.35698989280456,41.985689607108576,20.13926583210672,13.995229869036196,60.417797496320155,41.985689607108576,0.9991383552551271,,0.24267107248306274
2,10,1,a,afforded,Brian had many things to do before his father came to see his new apartment.,He picked up his matchbox car and set it on the train set to make it appear more realistic.,-,matchbox car,,,He picked up his [MASK] and set it on the train set to make it appear more realistic.,Brian had many things to do before his father came to see his new apartment. He picked up his [MASK] and set it on the train set to make it appear more realistic.,15.365493140304599,10.971878866193194,46.09647942091381,34.43799419688789,19.340661668364078,11.479331398962634,58.02198500509225,34.43799419688789,0.9968456625938416,,0.24809038639068604
2,10,1,b,nonafforded,Brian had many things to do before his father came to see his new apartment.,He drove his matchbox car to the shopping mall to pick up his roommates.,-,matchbox car,,,He drove his [MASK] to the shopping mall to pick up his roommates.,Brian had many things to do before his father came to see his new apartment. He drove his [MASK] to the shopping mall to pick up his roommates.,20.09671611845288,9.192216629308527,60.290148355358646,32.231770839373944,24.191325377543386,10.743923613124645,72.57397613263015,32.231770839373944,0.9979323148727416,,0.22305798530578613
2,10,2,a,afforded,Brian had many things to do before his father came to see his new apartment.,He drove his luxury car to the shopping mall to pick up his roommates.,-,luxury car,,,He drove his [MASK] to the shopping mall to pick up his roommates.,Brian had many things to do before his father came to see his new apartment. He drove his [MASK] to the shopping mall to pick up his roommates.,17.2019138944563,8.098598417450324,34.4038277889126,22.673639168453988,24.4506866881106,7.5578797228179955,73.3520600643318,22.673639168453988,0.9982642531394958,,0.2101612091064453
2,10,2,b,nonafforded,Brian had many things to do before his father came to see his new apartment.,He picked up his luxury car and set it on the train set to make it appear more realistic.,-,luxury car,,,He picked up his [MASK] and set it on the train set to make it appear more realistic.,Brian had many things to do before his father came to see his new apartment. He picked up his [MASK] and set it on the train set to make it appear more realistic.,12.182025284455554,8.768356066336455,24.364050568911107,24.35849832610057,23.464551343510852,8.119499442033524,70.39365403053256,24.35849832610057,0.9972763657569884,,0.24732095003128052
2,11,1,a,afforded,"John knew that he would not be able to watch all of the movie on TV, and so he considered various options.",He decided to use his VCR to record his favorite TV show on some video tape.,-,video tape,,,He decided to use his VCR to record his favorite TV show on some [MASK] .,"John knew that he would not be able to watch all of the movie on TV, and so he considered various options. He decided to use his VCR to record his favorite TV show on some [MASK] .",6.9018105680366215,5.901107564095732,13.803621136073243,30.96830111962856,15.654834933447056,15.48415055981428,31.30966986689411,30.96830111962856,0.9986132383346558,,0.1692790389060974
2,11,1,b,nonafforded,"John knew that he would not be able to watch all of the movie on TV, and so he considered various options.",He decided to use some video tape to hold a poster to the wall.,-,video tape,,,He decided to use some [MASK] to hold a poster to the wall.,"John knew that he would not be able to watch all of the movie on TV, and so he considered various options. He decided to use some [MASK] to hold a poster to the wall.",8.78335390700843,4.9222431649456935,17.56670781401686,36.99048227916117,18.817678038953574,18.495241139580585,37.63535607790715,36.99048227916117,0.9987080097198486,,0.18625175952911377
2,11,2,a,afforded,"John knew that he would not be able to watch all of the movie on TV, and so he considered various options.",He decided to use some masking tape to hold a poster to the wall. ,-,masking tape,,,He decided to use some [MASK] to hold a poster to the wall. ,"John knew that he would not be able to watch all of the movie on TV, and so he considered various options. He decided to use some [MASK] to hold a poster to the wall. ",16.917621025067312,7.876241072257294,50.752863075201944,36.69988993483719,21.980511059742074,12.233296644945733,65.94153317922623,36.69988993483719,0.9986655712127686,,0.19247126579284668
2,11,2,b,nonafforded,"John knew that he would not be able to watch all of the movie on TV, and so he considered various options.",He decided to use his VCR to record his favorite TV show on some masking tape.,-,masking tape,,,He decided to use his VCR to record his favorite TV show on some [MASK] .,"John knew that he would not be able to watch all of the movie on TV, and so he considered various options. He decided to use his VCR to record his favorite TV show on some [MASK] .",18.66023318455164,9.697358061228023,55.980699553654915,30.47397745518839,21.017508962591787,10.157992485062797,63.052526887775365,30.47397745518839,0.9987769722938538,,0.16670769453048706
2,12,1,a,afforded,Jen was testing the characteristics of lake water.,She ice skated on the frozen water.,-,frozen water,,,She ice skated on the [MASK] .,Jen was testing the characteristics of lake water. She ice skated on the [MASK] .,8.10865134526705,5.0077116221184585,16.2173026905341,18.623949985662986,16.46310473160955,6.20798332855433,49.38931419482864,18.623949985662986,0.9990646243095398,,0.34854763746261597
2,12,1,b,nonafforded,Jen was testing the characteristics of lake water.,She poured the frozen water out of the bottle.,-,frozen water,,,She poured the [MASK] out of the bottle.,Jen was testing the characteristics of lake water. She poured the [MASK] out of the bottle.,6.874795997859362,8.156207558580489,13.749591995718724,25.993743920456616,15.482832631586405,8.66458130681887,46.44849789475921,25.993743920456616,0.9986811280250548,,0.2810893654823303
2,12,2,a,afforded,Jen was testing the characteristics of lake water.,She poured the warm water out of the bottle.,-,warm water,,,She poured the [MASK] out of the bottle.,Jen was testing the characteristics of lake water. She poured the [MASK] out of the bottle.,4.216886069141639,4.4026417401971605,8.433772138283278,28.741197793366343,16.076307411073408,14.370598896683171,32.152614822146816,28.741197793366343,0.9986799359321594,,0.2835429906845093
2,12,2,b,nonafforded,Jen was testing the characteristics of lake water.,She ice skated on the warm water.,-,warm water,,,She ice skated on the [MASK] .,Jen was testing the characteristics of lake water. She ice skated on the [MASK] .,9.447594734897043,4.743923976411913,18.89518946979409,31.08514361193768,22.82962449064291,15.54257180596884,45.65924898128581,31.08514361193768,0.99884295463562,,0.32087498903274536
2,13,1,a,afforded,Amy was shopping for bridesmaid dresses.,She didn't like how shoulder pads looked in long-sleeved dresses.,-,long-sleeved dresses,,,She didn't like how shoulder pads looked in [MASK] .,Amy was shopping for bridesmaid dresses. She didn't like how shoulder pads looked in [MASK] .,14.85087580855047,1.077385250960112,74.25437904275235,24.810725577261408,17.921485194324323,4.135120929543569,107.52891116594596,24.810725577261408,0.9973790645599364,0.13373976945877075,0.32748866081237793
2,13,1,b,nonafforded,Amy was shopping for bridesmaid dresses.,Long-sleeved dresses showed off women's beautifully toned arms.,-,long-sleeved dresses,,, [MASK] showed off women's beautifully toned arms.,Amy was shopping for bridesmaid dresses.  [MASK] showed off women's beautifully toned arms.,11.53361631809592,1.1444396405260346,57.6680815904796,22.93164198662507,16.748422621915754,3.8219403311041766,100.49053573149452,22.93164198662507,0.99784255027771,0.1339372992515564,0.2932472825050354
2,13,2,a,afforded,Amy was shopping for bridesmaid dresses.,Strapless dresses showed off women's beautifully toned arms.,-,strapless dresses,,, [MASK] showed off women's beautifully toned arms.,Amy was shopping for bridesmaid dresses.  [MASK] showed off women's beautifully toned arms.,16.717924662309894,4.6136926669274345,50.153773986929686,22.805149507890054,17.946113116817735,7.601716502630018,53.838339350453204,22.805149507890054,0.9972981810569764,,0.28321129083633423
2,13,2,b,nonafforded,Amy was shopping for bridesmaid dresses.,She didn't like how shoulder pads looked in strapless dresses.,-,strapless dresses,,,She didn't like how shoulder pads looked in [MASK] .,Amy was shopping for bridesmaid dresses. She didn't like how shoulder pads looked in [MASK] .,19.03463332181682,4.6345657484319736,57.10389996545046,37.39602980592332,22.68020689399839,12.465343268641107,68.04062068199518,37.39602980592332,0.9973948001861572,,0.3061079978942871
2,14,1,a,afforded,Karen had just finished being pampered at the salon.,She didn't want to cover up her beautifully polished toenails by slipping on her socks and shoes.,-,toenails,,,She didn't want to cover up her beautifully polished [MASK] by slipping on her socks and shoes.,Karen had just finished being pampered at the salon. She didn't want to cover up her beautifully polished [MASK] by slipping on her socks and shoes.,10.979931875590394,5.14125892161399,32.93979562677117,22.1906055926376,17.015868061929165,7.396868530879197,51.0476041857875,22.1906055926376,0.9961156845092772,,0.34046757221221924
2,14,1,b,nonafforded,Karen had just finished being pampered at the salon.,She didn't want to cover up her beautifully polished toenails by slipping on her gloves.,-,toenails,,,She didn't want to cover up her beautifully polished [MASK] by slipping on her gloves.,Karen had just finished being pampered at the salon. She didn't want to cover up her beautifully polished [MASK] by slipping on her gloves.,11.514431068568005,5.470532443736073,34.543293205704025,21.96115890966248,16.72647319520817,7.320386303220825,50.17941958562452,21.96115890966248,0.9958494901657104,,0.338570773601532
2,14,2,a,afforded,Karen had just finished being pampered at the salon.,She didn't want to cover up her beautifully polished fingernails by slipping on her gloves. ,-,fingernails,,,She didn't want to cover up her beautifully polished [MASK] by slipping on her gloves. ,Karen had just finished being pampered at the salon. She didn't want to cover up her beautifully polished [MASK] by slipping on her gloves. ,5.492252383889975,5.492252383889975,5.492252383889975,36.02185604098366,19.958235173361352,12.007285346994552,59.87470552008405,36.02185604098366,0.9948700666427612,,0.33040034770965576
2,14,2,b,nonafforded,Karen had just finished being pampered at the salon.,She didn't want to cover up her beautifully polished fingernails by slipping on her socks and shoes.,-,fingernails,,,She didn't want to cover up her beautifully polished [MASK] by slipping on her socks and shoes.,Karen had just finished being pampered at the salon. She didn't want to cover up her beautifully polished [MASK] by slipping on her socks and shoes.,9.213606996031038,9.213606996031038,9.213606996031038,36.46481033041866,20.857569613659862,12.15493677680622,62.57270884097961,36.46481033041866,0.9954012632369996,,0.3349480628967285
2,15,1,a,afforded,Richard noticed his girlfriend was staring at him peculiarly.,She handed him a tissue to absorb his milk mustache.,-,a tissue,,,She handed him [MASK] to absorb his milk mustache.,Richard noticed his girlfriend was staring at him peculiarly. She handed him [MASK] to absorb his milk mustache.,7.920871932860278,4.360194523756398,15.841743865720556,29.01444816593657,15.937851567659385,14.507224082968285,31.87570313531877,29.01444816593657,0.989391565322876,,0.34363144636154175
2,15,1,b,nonafforded,Richard noticed his girlfriend was staring at him peculiarly.,She handed him a tissue to trim his milk mustache.,-,a tissue,,,She handed him [MASK] to trim his milk mustache.,Richard noticed his girlfriend was staring at him peculiarly. She handed him [MASK] to trim his milk mustache.,4.810789800455291,2.2419519235390832,9.621579600910582,35.569876541985934,18.97164479262521,17.784938270992967,37.94328958525042,35.569876541985934,0.9910250902175904,,0.35115528106689453
2,15,2,a,afforded,Richard noticed his girlfriend was staring at him peculiarly.,She handed him scissors to trim his hairy mustache.,-,scissors,,,She handed him [MASK] to trim his hairy mustache.,Richard noticed his girlfriend was staring at him peculiarly. She handed him [MASK] to trim his hairy mustache.,6.639048085543189,6.639048085543189,6.639048085543189,18.13731110273305,28.832416349510225,9.068655551366527,57.66483269902045,18.13731110273305,0.9936591982841492,,0.3487907648086548
2,15,2,b,nonafforded,Richard noticed his girlfriend was staring at him peculiarly.,She handed him scissors to absorb his hairy mustache.,-,scissors,,,She handed him [MASK] to absorb his hairy mustache.,Richard noticed his girlfriend was staring at him peculiarly. She handed him [MASK] to absorb his hairy mustache.,13.294263362463687,13.294263362463687,13.294263362463687,38.592513786338216,32.44873814702785,19.296256893169108,64.8974762940557,38.592513786338216,0.9881026148796082,,0.31421220302581787
2,16,1,a,afforded,Janice was cleaning out her bedroom.,She was sidetracked and ended up inflating her beach ball.,-,beach ball,,,She was sidetracked and ended up inflating her [MASK] .,Janice was cleaning out her bedroom. She was sidetracked and ended up inflating her [MASK] .,16.759010066935403,10.331444531847756,33.518020133870806,41.30027962919208,22.891223817029786,13.766759876397359,68.67367145108936,41.30027962919208,0.9986411929130554,,0.34438496828079224
2,16,1,b,nonafforded,Janice was cleaning out her bedroom.,She ended up breaking her foot when she dropped her beach ball on it.,-,beach ball,,,She ended up breaking her foot when she dropped her [MASK] on it.,Janice was cleaning out her bedroom. She ended up breaking her foot when she dropped her [MASK] on it.,19.7897895349982,7.319646260366375,39.57957906999639,37.19862376425596,31.984152733870555,12.399541254751986,95.95245820161163,37.19862376425596,0.9878096580505372,,0.3524225354194641
2,16,2,a,afforded,Janice was cleaning out her bedroom.,She ended up breaking her foot when she dropped her bowling ball on it.,-,bowling ball,,,She ended up breaking her foot when she dropped her [MASK] on it.,Janice was cleaning out her bedroom. She ended up breaking her foot when she dropped her [MASK] on it.,18.753868895986386,2.5196218121159246,37.50773779197277,34.40477673481522,29.30469856857032,11.468258911605075,87.91409570571095,34.40477673481522,0.9836836457252502,,0.3595464825630188
2,16,2,b,nonafforded,Janice was cleaning out her bedroom.,She was sidetracked and ended up inflating her bowling ball.,-,bowling ball,,,She was sidetracked and ended up inflating her [MASK] .,Janice was cleaning out her bedroom. She was sidetracked and ended up inflating her [MASK] .,16.41770869433506,3.1706140089831987,32.83541738867012,34.03457430324734,26.797571104024573,11.344858101082444,80.39271331207374,34.03457430324734,0.9973331689834596,,0.3872278332710266
2,17,1,a,afforded,Rita rushed off to work in her car.,She was pulled over because her car had a busted taillight.,-,taillight,,,She was pulled over because her car had a busted [MASK] .,Rita rushed off to work in her car. She was pulled over because her car had a busted [MASK] .,18.508045538509236,3.6186908817234937,37.01609107701847,36.17198541088353,21.67008586336303,12.05732847029451,65.0102575900891,36.17198541088353,0.9947277903556824,,0.31970202922821045
2,17,1,b,nonafforded,Rita rushed off to work in her car.,She was pulled over because she ran a taillight.,-,taillight,,,She was pulled over because she ran a [MASK] .,Rita rushed off to work in her car. She was pulled over because she ran a [MASK] .,18.646603769894632,7.038195500189321,37.29320753978927,34.519090027818024,26.117212803666405,11.506363342606006,78.3516384109992,34.519090027818024,0.9951660633087158,,0.3607866168022156
2,17,2,a,afforded,Rita rushed off to work in her car.,She was pulled over because she ran a stoplight.,-,stoplight,,,She was pulled over because she ran a [MASK] .,Rita rushed off to work in her car. She was pulled over because she ran a [MASK] .,19.02275283294884,6.7260770336016735,38.04550566589767,36.53119055613661,24.59145300015864,18.265595278068304,49.18290600031728,36.53119055613661,0.9961968660354614,,0.38748252391815186
2,17,2,b,nonafforded,Rita rushed off to work in her car.,She was pulled over because her car had a busted stoplight.,-,stoplight,,,She was pulled over because her car had a busted [MASK] .,Rita rushed off to work in her car. She was pulled over because her car had a busted [MASK] .,20.73080389592679,5.994514615321128,41.461607791853574,37.32470745709653,24.02746483125091,18.662353728548265,48.05492966250182,37.32470745709653,0.9942281246185304,,0.3351327180862427
